{"trial_id": "09", "hyperparameters": {"space": [{"class_name": "Int", "config": {"name": "units_layer1", "default": null, "conditions": [], "min_value": 32, "max_value": 256, "step": 32, "sampling": "linear"}}, {"class_name": "Float", "config": {"name": "dropout_layer1", "default": 0.2, "conditions": [], "min_value": 0.2, "max_value": 0.5, "step": 0.1, "sampling": "linear"}}, {"class_name": "Int", "config": {"name": "units_layer2", "default": null, "conditions": [], "min_value": 32, "max_value": 128, "step": 32, "sampling": "linear"}}, {"class_name": "Float", "config": {"name": "dropout_layer2", "default": 0.2, "conditions": [], "min_value": 0.2, "max_value": 0.5, "step": 0.1, "sampling": "linear"}}, {"class_name": "Choice", "config": {"name": "learning_rate", "default": 0.01, "conditions": [], "values": [0.01, 0.001, 0.0001], "ordered": true}}], "values": {"units_layer1": 64, "dropout_layer1": 0.4, "units_layer2": 32, "dropout_layer2": 0.4, "learning_rate": 0.0001}}, "metrics": {"metrics": {"loss": {"direction": "min", "observations": [{"value": [0.39915037155151367], "step": 49}]}, "accuracy": {"direction": "max", "observations": [{"value": [0.8632606267929077], "step": 49}]}, "val_loss": {"direction": "min", "observations": [{"value": [0.2659124433994293], "step": 49}]}, "val_accuracy": {"direction": "max", "observations": [{"value": [0.9150596857070923], "step": 49}]}}}, "score": 0.9150596857070923, "best_step": 49, "status": "COMPLETED", "message": null}