{"trial_id": "03", "hyperparameters": {"space": [{"class_name": "Int", "config": {"name": "units_layer1", "default": null, "conditions": [], "min_value": 32, "max_value": 256, "step": 32, "sampling": "linear"}}, {"class_name": "Float", "config": {"name": "dropout_layer1", "default": 0.2, "conditions": [], "min_value": 0.2, "max_value": 0.5, "step": 0.1, "sampling": "linear"}}, {"class_name": "Int", "config": {"name": "units_layer2", "default": null, "conditions": [], "min_value": 32, "max_value": 128, "step": 32, "sampling": "linear"}}, {"class_name": "Float", "config": {"name": "dropout_layer2", "default": 0.2, "conditions": [], "min_value": 0.2, "max_value": 0.5, "step": 0.1, "sampling": "linear"}}, {"class_name": "Choice", "config": {"name": "learning_rate", "default": 0.01, "conditions": [], "values": [0.01, 0.001, 0.0001], "ordered": true}}], "values": {"units_layer1": 128, "dropout_layer1": 0.4, "units_layer2": 32, "dropout_layer2": 0.4, "learning_rate": 0.001}}, "metrics": {"metrics": {"loss": {"direction": "min", "observations": [{"value": [0.2457324117422104], "step": 46}]}, "accuracy": {"direction": "max", "observations": [{"value": [0.9150401949882507], "step": 46}]}, "val_loss": {"direction": "min", "observations": [{"value": [0.1987772285938263], "step": 46}]}, "val_accuracy": {"direction": "max", "observations": [{"value": [0.9334251880645752], "step": 46}]}}}, "score": 0.9334251880645752, "best_step": 46, "status": "COMPLETED", "message": null}