{
"meta":{"test_sets":[],"test_metrics":[],"learn_metrics":[{"best_value":"Min","name":"MultiClass"}],"launch_mode":"Train","parameters":"","iteration_count":100,"learn_sets":["learn"],"name":"experiment"},
"iterations":[
{"learn":[1.56545815],"iteration":0,"passed_time":0.0365595844,"remaining_time":3.619398856},
{"learn":[1.319018251],"iteration":1,"passed_time":0.06151519279,"remaining_time":3.014244447},
{"learn":[1.155388172],"iteration":2,"passed_time":0.09028186605,"remaining_time":2.919113669},
{"learn":[1.024953492],"iteration":3,"passed_time":0.114034275,"remaining_time":2.736822601},
{"learn":[0.9250517802],"iteration":4,"passed_time":0.138581967,"remaining_time":2.633057372},
{"learn":[0.8434202928],"iteration":5,"passed_time":0.1634672103,"remaining_time":2.560986294},
{"learn":[0.7745356186],"iteration":6,"passed_time":0.1912605197,"remaining_time":2.541032618},
{"learn":[0.7158014252],"iteration":7,"passed_time":0.2202910018,"remaining_time":2.533346521},
{"learn":[0.6636258882],"iteration":8,"passed_time":0.2463182161,"remaining_time":2.490550851},
{"learn":[0.6185632463],"iteration":9,"passed_time":0.2747059069,"remaining_time":2.472353162},
{"learn":[0.5780433357],"iteration":10,"passed_time":0.3016791641,"remaining_time":2.440858691},
{"learn":[0.5432351168],"iteration":11,"passed_time":0.3308289092,"remaining_time":2.426078668},
{"learn":[0.5154031372],"iteration":12,"passed_time":0.3577012799,"remaining_time":2.393847027},
{"learn":[0.4867958333],"iteration":13,"passed_time":0.3886129222,"remaining_time":2.387193665},
{"learn":[0.4637071341],"iteration":14,"passed_time":0.4179168963,"remaining_time":2.368195746},
{"learn":[0.4426692607],"iteration":15,"passed_time":0.4436796385,"remaining_time":2.329318102},
{"learn":[0.4232682626],"iteration":16,"passed_time":0.4713276385,"remaining_time":2.301187882},
{"learn":[0.4046401429],"iteration":17,"passed_time":0.4988889581,"remaining_time":2.272716364},
{"learn":[0.3877515892],"iteration":18,"passed_time":0.5253790081,"remaining_time":2.239773666},
{"learn":[0.3733599813],"iteration":19,"passed_time":0.5554672309,"remaining_time":2.221868924},
{"learn":[0.3602354348],"iteration":20,"passed_time":0.5838547012,"remaining_time":2.196405781},
{"learn":[0.3485960016],"iteration":21,"passed_time":0.6078509762,"remaining_time":2.155108006},
{"learn":[0.3378272999],"iteration":22,"passed_time":0.6375086065,"remaining_time":2.134267944},
{"learn":[0.3281871406],"iteration":23,"passed_time":0.6631813967,"remaining_time":2.100074423},
{"learn":[0.3195742833],"iteration":24,"passed_time":0.6877697079,"remaining_time":2.063309124},
{"learn":[0.3114724899],"iteration":25,"passed_time":0.7148737425,"remaining_time":2.034640652},
{"learn":[0.3034313619],"iteration":26,"passed_time":0.7421540893,"remaining_time":2.00656476},
{"learn":[0.2961357888],"iteration":27,"passed_time":0.7693223752,"remaining_time":1.978257536},
{"learn":[0.2896738621],"iteration":28,"passed_time":0.7964353747,"remaining_time":1.949893504},
{"learn":[0.2837742168],"iteration":29,"passed_time":0.8238110162,"remaining_time":1.922225704},
{"learn":[0.2785217822],"iteration":30,"passed_time":0.8568834284,"remaining_time":1.907256663},
{"learn":[0.2737556514],"iteration":31,"passed_time":0.8839769499,"remaining_time":1.878451019},
{"learn":[0.2692805925],"iteration":32,"passed_time":0.9090891071,"remaining_time":1.845726369},
{"learn":[0.2646135539],"iteration":33,"passed_time":0.9362745707,"remaining_time":1.817474167},
{"learn":[0.2597516023],"iteration":34,"passed_time":0.9650519675,"remaining_time":1.792239368},
{"learn":[0.2552512763],"iteration":35,"passed_time":0.994978084,"remaining_time":1.768849927},
{"learn":[0.252719796],"iteration":36,"passed_time":1.021309701,"remaining_time":1.738986788},
{"learn":[0.2498590916],"iteration":37,"passed_time":1.06403258,"remaining_time":1.736053157},
{"learn":[0.2463684737],"iteration":38,"passed_time":1.152535305,"remaining_time":1.802683426},
{"learn":[0.2426218437],"iteration":39,"passed_time":1.184803153,"remaining_time":1.777204729},
{"learn":[0.2402067112],"iteration":40,"passed_time":1.22301128,"remaining_time":1.759943061},
{"learn":[0.2372170079],"iteration":41,"passed_time":1.253486308,"remaining_time":1.731004901},
{"learn":[0.2349627397],"iteration":42,"passed_time":1.28006378,"remaining_time":1.696828732},
{"learn":[0.2320719442],"iteration":43,"passed_time":1.306328921,"remaining_time":1.662600445},
{"learn":[0.2300020925],"iteration":44,"passed_time":1.333279434,"remaining_time":1.629563752},
{"learn":[0.2278423431],"iteration":45,"passed_time":1.357277753,"remaining_time":1.593326058},
{"learn":[0.2259398316],"iteration":46,"passed_time":1.381431278,"remaining_time":1.557784207},
{"learn":[0.2240816698],"iteration":47,"passed_time":1.408062434,"remaining_time":1.52540097},
{"learn":[0.2218790363],"iteration":48,"passed_time":1.434973219,"remaining_time":1.493543554},
{"learn":[0.2201681536],"iteration":49,"passed_time":1.462632794,"remaining_time":1.462632794},
{"learn":[0.2182290328],"iteration":50,"passed_time":1.488209492,"remaining_time":1.429848336},
{"learn":[0.2167515278],"iteration":51,"passed_time":1.514528141,"remaining_time":1.398025976},
{"learn":[0.215293008],"iteration":52,"passed_time":1.543850471,"remaining_time":1.369074946},
{"learn":[0.2138570516],"iteration":53,"passed_time":1.57182572,"remaining_time":1.33896265},
{"learn":[0.2126405106],"iteration":54,"passed_time":1.594703577,"remaining_time":1.304757472},
{"learn":[0.2113943681],"iteration":55,"passed_time":1.624470433,"remaining_time":1.276369626},
{"learn":[0.2099718323],"iteration":56,"passed_time":1.648469284,"remaining_time":1.243582091},
{"learn":[0.2087441012],"iteration":57,"passed_time":1.67402452,"remaining_time":1.212224652},
{"learn":[0.2073677124],"iteration":58,"passed_time":1.697694132,"remaining_time":1.179753549},
{"learn":[0.2061323166],"iteration":59,"passed_time":1.723199853,"remaining_time":1.148799902},
{"learn":[0.2048503624],"iteration":60,"passed_time":1.748122038,"remaining_time":1.117651795},
{"learn":[0.2036298213],"iteration":61,"passed_time":1.771875891,"remaining_time":1.085988449},
{"learn":[0.2024168446],"iteration":62,"passed_time":1.795329613,"remaining_time":1.054399932},
{"learn":[0.2016819304],"iteration":63,"passed_time":1.818939484,"remaining_time":1.02315346},
{"learn":[0.2009756006],"iteration":64,"passed_time":1.844201821,"remaining_time":0.99303175},
{"learn":[0.1999430095],"iteration":65,"passed_time":1.869700237,"remaining_time":0.9631789102},
{"learn":[0.1992140315],"iteration":66,"passed_time":1.895540439,"remaining_time":0.9336243955},
{"learn":[0.1984493719],"iteration":67,"passed_time":1.922205695,"remaining_time":0.9045673859},
{"learn":[0.1974718076],"iteration":68,"passed_time":1.946654073,"remaining_time":0.8745837142},
{"learn":[0.1966789628],"iteration":69,"passed_time":1.975972494,"remaining_time":0.8468453548},
{"learn":[0.1957671303],"iteration":70,"passed_time":2.002384468,"remaining_time":0.8178753462},
{"learn":[0.1949488542],"iteration":71,"passed_time":2.030847028,"remaining_time":0.7897738443},
{"learn":[0.1942687865],"iteration":72,"passed_time":2.061419525,"remaining_time":0.7624428381},
{"learn":[0.1937563737],"iteration":73,"passed_time":2.087507883,"remaining_time":0.7334487155},
{"learn":[0.1928303233],"iteration":74,"passed_time":2.113224002,"remaining_time":0.7044080008},
{"learn":[0.1921636285],"iteration":75,"passed_time":2.137712329,"remaining_time":0.6750670511},
{"learn":[0.1912402523],"iteration":76,"passed_time":2.16110187,"remaining_time":0.6455239352},
{"learn":[0.1905459419],"iteration":77,"passed_time":2.183331954,"remaining_time":0.6158115767},
{"learn":[0.1897286202],"iteration":78,"passed_time":2.207904565,"remaining_time":0.5869113401},
{"learn":[0.1892064755],"iteration":79,"passed_time":2.231325516,"remaining_time":0.5578313789},
{"learn":[0.1886607841],"iteration":80,"passed_time":2.256637292,"remaining_time":0.5293346733},
{"learn":[0.1880108865],"iteration":81,"passed_time":2.278767215,"remaining_time":0.5002171935},
{"learn":[0.187245764],"iteration":82,"passed_time":2.30330944,"remaining_time":0.4717621744},
{"learn":[0.1868464255],"iteration":83,"passed_time":2.325437995,"remaining_time":0.4429405704},
{"learn":[0.1861476777],"iteration":84,"passed_time":2.35251495,"remaining_time":0.415149697},
{"learn":[0.1857448405],"iteration":85,"passed_time":2.376173563,"remaining_time":0.3868189521},
{"learn":[0.1851868942],"iteration":86,"passed_time":2.398616118,"remaining_time":0.3584139027},
{"learn":[0.1846903041],"iteration":87,"passed_time":2.423045269,"remaining_time":0.330415264},
{"learn":[0.1841692856],"iteration":88,"passed_time":2.450593425,"remaining_time":0.3028823334},
{"learn":[0.1835839967],"iteration":89,"passed_time":2.474184214,"remaining_time":0.2749093571},
{"learn":[0.1830477259],"iteration":90,"passed_time":2.496628478,"remaining_time":0.2469193},
{"learn":[0.1825902487],"iteration":91,"passed_time":2.520338253,"remaining_time":0.2191598481},
{"learn":[0.1819997005],"iteration":92,"passed_time":2.543149504,"remaining_time":0.1914198551},
{"learn":[0.1814524585],"iteration":93,"passed_time":2.567123139,"remaining_time":0.1638589238},
{"learn":[0.181023192],"iteration":94,"passed_time":2.590852302,"remaining_time":0.1363606475},
{"learn":[0.1805647238],"iteration":95,"passed_time":2.613588638,"remaining_time":0.1088995266},
{"learn":[0.1801523825],"iteration":96,"passed_time":2.636308648,"remaining_time":0.08153531901},
{"learn":[0.1795643195],"iteration":97,"passed_time":2.659790502,"remaining_time":0.05428143882},
{"learn":[0.1788967858],"iteration":98,"passed_time":2.683911145,"remaining_time":0.02711021359},
{"learn":[0.1784021458],"iteration":99,"passed_time":2.708610043,"remaining_time":0}
]}