{"trial_id": "01", "hyperparameters": {"space": [{"class_name": "Int", "config": {"name": "units_layer1", "default": null, "conditions": [], "min_value": 32, "max_value": 256, "step": 32, "sampling": "linear"}}, {"class_name": "Float", "config": {"name": "dropout_layer1", "default": 0.2, "conditions": [], "min_value": 0.2, "max_value": 0.5, "step": 0.1, "sampling": "linear"}}, {"class_name": "Int", "config": {"name": "units_layer2", "default": null, "conditions": [], "min_value": 32, "max_value": 128, "step": 32, "sampling": "linear"}}, {"class_name": "Float", "config": {"name": "dropout_layer2", "default": 0.2, "conditions": [], "min_value": 0.2, "max_value": 0.5, "step": 0.1, "sampling": "linear"}}, {"class_name": "Choice", "config": {"name": "learning_rate", "default": 0.01, "conditions": [], "values": [0.01, 0.001, 0.0001], "ordered": true}}], "values": {"units_layer1": 160, "dropout_layer1": 0.30000000000000004, "units_layer2": 96, "dropout_layer2": 0.2, "learning_rate": 0.001}}, "metrics": {"metrics": {"loss": {"direction": "min", "observations": [{"value": [0.21434524655342102], "step": 25}]}, "accuracy": {"direction": "max", "observations": [{"value": [0.922502875328064], "step": 25}]}, "val_loss": {"direction": "min", "observations": [{"value": [0.1921161413192749], "step": 25}]}, "val_accuracy": {"direction": "max", "observations": [{"value": [0.9370982646942139], "step": 25}]}}}, "score": 0.9370982646942139, "best_step": 25, "status": "COMPLETED", "message": null}