{"trial_id": "00", "hyperparameters": {"space": [{"class_name": "Int", "config": {"name": "units_layer1", "default": null, "conditions": [], "min_value": 32, "max_value": 256, "step": 32, "sampling": "linear"}}, {"class_name": "Float", "config": {"name": "dropout_layer1", "default": 0.2, "conditions": [], "min_value": 0.2, "max_value": 0.5, "step": 0.1, "sampling": "linear"}}, {"class_name": "Int", "config": {"name": "units_layer2", "default": null, "conditions": [], "min_value": 32, "max_value": 128, "step": 32, "sampling": "linear"}}, {"class_name": "Float", "config": {"name": "dropout_layer2", "default": 0.2, "conditions": [], "min_value": 0.2, "max_value": 0.5, "step": 0.1, "sampling": "linear"}}, {"class_name": "Choice", "config": {"name": "learning_rate", "default": 0.01, "conditions": [], "values": [0.01, 0.001, 0.0001], "ordered": true}}], "values": {"units_layer1": 192, "dropout_layer1": 0.30000000000000004, "units_layer2": 64, "dropout_layer2": 0.30000000000000004, "learning_rate": 0.001}}, "metrics": {"metrics": {"loss": {"direction": "min", "observations": [{"value": [0.20393505692481995], "step": 46}]}, "accuracy": {"direction": "max", "observations": [{"value": [0.9254879355430603], "step": 46}]}, "val_loss": {"direction": "min", "observations": [{"value": [0.190244659781456], "step": 46}]}, "val_accuracy": {"direction": "max", "observations": [{"value": [0.9384756684303284], "step": 46}]}}}, "score": 0.9384756684303284, "best_step": 46, "status": "COMPLETED", "message": null}