{"trial_id": "06", "hyperparameters": {"space": [{"class_name": "Int", "config": {"name": "units_layer1", "default": null, "conditions": [], "min_value": 32, "max_value": 256, "step": 32, "sampling": "linear"}}, {"class_name": "Float", "config": {"name": "dropout_layer1", "default": 0.2, "conditions": [], "min_value": 0.2, "max_value": 0.5, "step": 0.1, "sampling": "linear"}}, {"class_name": "Int", "config": {"name": "units_layer2", "default": null, "conditions": [], "min_value": 32, "max_value": 128, "step": 32, "sampling": "linear"}}, {"class_name": "Float", "config": {"name": "dropout_layer2", "default": 0.2, "conditions": [], "min_value": 0.2, "max_value": 0.5, "step": 0.1, "sampling": "linear"}}, {"class_name": "Choice", "config": {"name": "learning_rate", "default": 0.01, "conditions": [], "values": [0.01, 0.001, 0.0001], "ordered": true}}], "values": {"units_layer1": 160, "dropout_layer1": 0.30000000000000004, "units_layer2": 64, "dropout_layer2": 0.30000000000000004, "learning_rate": 0.0001}}, "metrics": {"metrics": {"loss": {"direction": "min", "observations": [{"value": [0.26536253094673157], "step": 41}]}, "accuracy": {"direction": "max", "observations": [{"value": [0.9078071117401123], "step": 41}]}, "val_loss": {"direction": "min", "observations": [{"value": [0.2223660796880722], "step": 41}]}, "val_accuracy": {"direction": "max", "observations": [{"value": [0.9233241677284241], "step": 41}]}}}, "score": 0.9233241677284241, "best_step": 41, "status": "COMPLETED", "message": null}