{"ongoing_trials": {}, "hyperparameters": {"space": [{"class_name": "Int", "config": {"name": "units_layer1", "default": null, "conditions": [], "min_value": 32, "max_value": 256, "step": 32, "sampling": "linear"}}, {"class_name": "Float", "config": {"name": "dropout_layer1", "default": 0.2, "conditions": [], "min_value": 0.2, "max_value": 0.5, "step": 0.1, "sampling": "linear"}}, {"class_name": "Int", "config": {"name": "units_layer2", "default": null, "conditions": [], "min_value": 32, "max_value": 128, "step": 32, "sampling": "linear"}}, {"class_name": "Float", "config": {"name": "dropout_layer2", "default": 0.2, "conditions": [], "min_value": 0.2, "max_value": 0.5, "step": 0.1, "sampling": "linear"}}, {"class_name": "Choice", "config": {"name": "learning_rate", "default": 0.01, "conditions": [], "values": [0.01, 0.001, 0.0001], "ordered": true}}], "values": {"units_layer1": 32, "dropout_layer1": 0.2, "units_layer2": 32, "dropout_layer2": 0.2, "learning_rate": 0.01}}, "start_order": ["00", "01", "02", "03", "04", "05", "06", "07", "08", "09"], "end_order": ["00", "01", "02", "03", "04", "05", "06", "07", "08", "09"], "run_times": {"00": 1, "01": 1, "02": 1, "03": 1, "04": 1, "05": 1, "06": 1, "07": 1, "08": 1, "09": 1}, "retry_queue": [], "seed": 832, "seed_state": 882, "tried_so_far": ["6eb5126b618240eb43fca2fc0b78933b", "f395b46b9ba35ebb658d7e1c6c38bfa6", "3295f93af6e706a586d147b16f523f63", "02c3525da0f7838c31e0f06266adcb61", "fcbaa80c822ef08290a79f6db615adf7", "a7d091b8953558c7c235584c0424b150", "3e149a9b03dff1dbd38a0fae46a1b881", "4bbd0fb759559fc78e2d1661d7de2db6", "abc31da1e0e6778c2d5e26420988779d", "a0fd1f7ba5110a49a9f84afb1d149d45"], "id_to_hash": {"00": "abc31da1e0e6778c2d5e26420988779d", "01": "f395b46b9ba35ebb658d7e1c6c38bfa6", "02": "a0fd1f7ba5110a49a9f84afb1d149d45", "03": "a7d091b8953558c7c235584c0424b150", "04": "6eb5126b618240eb43fca2fc0b78933b", "05": "3e149a9b03dff1dbd38a0fae46a1b881", "06": "3295f93af6e706a586d147b16f523f63", "07": "02c3525da0f7838c31e0f06266adcb61", "08": "4bbd0fb759559fc78e2d1661d7de2db6", "09": "fcbaa80c822ef08290a79f6db615adf7"}, "display": {"search_start": "2024-12-04T18:35:53.075488", "trial_start": {"00": "2024-12-04T18:35:53.075488", "01": "2024-12-04T18:36:51.600580", "02": "2024-12-04T18:37:46.128465", "03": "2024-12-04T18:38:47.286134", "04": "2024-12-04T18:39:34.978742", "05": "2024-12-04T18:40:30.161038", "06": "2024-12-04T18:41:23.417635", "07": "2024-12-04T18:42:14.996061", "08": "2024-12-04T18:43:02.197476", "09": "2024-12-04T18:43:53.322514"}, "trial_number": {"00": 1, "01": 2, "02": 3, "03": 4, "04": 5, "05": 6, "06": 7, "07": 8, "08": 9, "09": 10}}}